institution,national_rank
Harvard University,1
Massachusetts Institute of Technology,2
Stanford University,3
University of Cambridge,1
California Institute of Technology,4
Princeton University,5
University of Oxford,2
Yale University,6
Columbia University,7
"University of California, Berkeley",8
Cornell University,10
University of Pennsylvania,11
University of Tokyo,1
Johns Hopkins University,12
Swiss Federal Institute of Technology in Zurich,1
Kyoto University,2
Weizmann Institute of Science,1
"University of California, Los Angeles",13
"University of California, San Diego",14
Rockefeller University,15
Hebrew University of Jerusalem,2
New York University,16
"University of California, San Francisco",17
University of Wisconsin–Madison,18
University of Illinois at Urbana–Champaign,19
Imperial College London,3
University of Texas Southwestern Medical Center,21
University of Texas at Austin,22
University College London,4
Osaka University,3
Northwestern University,23
"University of Michigan, Ann Arbor",24
University of Toronto,1
University of North Carolina at Chapel Hill,25
Washington University in St. Louis,26
University of Utah,27
University of Washington - Seattle,28
"University of California, Santa Barbara",29
McGill University,2
"Purdue University, West Lafayette",30
Carnegie Mellon University,31
University of Southern California,32
"University of California, Davis",33
University of Colorado Boulder,34
"University of California, Irvine",35
University of Paris-Sud,1
"University of Minnesota, Twin Cities",36
University of Arizona,37
Technion – Israel Institute of Technology,3
"Ohio State University, Columbus",38
University of Rochester,39
École normale supérieure - Paris,2
University of Florida,40
Tel Aviv University,4
Rice University,41
Dartmouth College,42
Vanderbilt University,43
University of Edinburgh,1
École Polytechnique,3
Boston University,44
Pierre-and-Marie-Curie University,4
"Pennsylvania State University, University Park",45
University of Geneva,2
Brown University,46
University of British Columbia,3
"University of Maryland, College Park",47
Swiss Federal Institute of Technology in Lausanne,3
Capella University,304
Karolinska Institute,1
University of Pittsburgh - Pittsburgh Campus,48
Rutgers University-New Brunswick,49
"Texas A&M University, College Station",50
Nagoya University,4
Seoul National University,1
University of Manchester,5
Sapienza University of Rome,1
Case Western Reserve University,51
Tohoku University,5
Arizona State University,52
Emory University,53
Ruprecht Karl University of Heidelberg,1
Ludwig Maximilian University of Munich,2
University of Virginia,54
Leiden University,1
Tufts University,55
Georgia Institute of Technology,56
University of Zurich,4
University of Helsinki,1
Technical University of Munich,3
University of Vermont ,119
University of Oslo,1
University of Queensland,1
University of Copenhagen,1
New York University ,29
University of Sydney,2
Williams College,57
University of Texas MD Anderson Cancer Center,58
University of Nottingham,6
University of Bristol,7
Utrecht University,2
Mines ParisTech,5
Harvard University,1
University of San Francisco,103
Stanford University,2
University of Oxford,1
Massachusetts Institute of Technology,3
University of Cambridge,2
Columbia University,4
"University of California, Berkeley",5
Princeton University,6
Yale University,8
California Institute of Technology,9
University of Pennsylvania,10
Cornell University,11
University of Tokyo,1
Kyoto University,2
"University of California, Los Angeles",12
Johns Hopkins University,13
Swiss Federal Institute of Technology in Zurich,1
New York University,14
"University of California, San Diego",15
Hebrew University of Jerusalem,1
"University of California, San Francisco",16
University of Wisconsin–Madison,17
University of Illinois at Urbana–Champaign,18
Duke University,19
University of Texas at Austin,20
Imperial College London,3
Northwestern University,21
University of Toronto,1
University College London,4
University of Washington - Seattle,22
"University of Michigan, Ann Arbor",23
Weizmann Institute of Science,2
University of North Carolina at Chapel Hill,24
Osaka University,3
University of Paris-Sud,1
"University of California, Santa Barbara",25
"Purdue University, West Lafayette",26
Seoul National University,1
University of Colorado Boulder,28
University of Utah,29
Rutgers University-New Brunswick,30
"University of Minnesota, Twin Cities",31
University of Edinburgh,5
University of Texas Southwestern Medical Center,32
McGill University,2
Pierre-and-Marie-Curie University,2
Rockefeller University,33
"Pennsylvania State University, University Park",34
"Ohio State University, Columbus",36
"University of California, Davis",37
Boston University,38
University of Florida,39
University of Geneva,2
Tel Aviv University,3
University of British Columbia,3
"University of Maryland, College Park",40
Karolinska Institute,1
Vanderbilt University,41
Sapienza University of Rome,1
Washington University in St. Louis,42
École normale supérieure - Paris,3
"University of California, Irvine",43
Technion – Israel Institute of Technology,4
Ludwig Maximilian University of Munich,1
University of Copenhagen,1
University of Pittsburgh - Pittsburgh Campus,44
Keio University,4
University of Virginia,45
University of Manchester,6
Arizona State University,46
University of Zurich,3
King's College London,7
University of Rochester,47
Brown University,48
University of Arizona,49
Ruprecht Karl University of Heidelberg,2
"Texas A&M University, College Station",50
University of Oslo,1
Dartmouth College,51
University of Tulsa,136
Swiss Federal Institute of Technology in Lausanne,4
Utrecht University,1
Indiana University - Bloomington,52
École Polytechnique,4
National University of Singapore,1
University of Texas MD Anderson Cancer Center,53
Stony Brook University,54
Lomonosov Moscow State University,1
Nagoya University,5
University of Sydney,1
Emory University,55
Rice University,56
Tohoku University,6
Australian National University,2
University of Alberta,4
University of Helsinki,1
Paris Diderot University - Paris 7,5
Georgia Institute of Technology,57
Harvard University,1
Stanford University,2
Massachusetts Institute of Technology,3
University of Cambridge,1
University of Oxford,2
Columbia University,4
"University of California, Berkeley",5
University of Chicago,6
Princeton University,7
Yale University,8
Cornell University,9
California Institute of Technology,10
University of Tokyo,1
University of Pennsylvania,11
"University of California, Los Angeles",12
Kyoto University,2
New York University,13
Swiss Federal Institute of Technology in Zurich,1
Johns Hopkins University,14
"University of California, San Diego",15
"University of Michigan, Ann Arbor",16
Hebrew University of Jerusalem,1
Northwestern University,17
Seoul National University,1
University of Wisconsin–Madison,18
"University of California, San Francisco",20
University of Illinois at Urbana–Champaign,21
University of Texas at Austin,22
University College London,3
University of Toronto,1
University of Washington - Seattle,23
Rutgers University-New Brunswick,24
Keio University,3
École normale supérieure - Paris,1
École Polytechnique,2
Rockefeller University,25
Weizmann Institute of Science,2
Imperial College London,4
Waseda University,4
University of Virginia,26
McGill University,2
Osaka University,5
Dartmouth College,27
University of North Carolina at Chapel Hill,28
"Pennsylvania State University, University Park",29
"Ohio State University, Columbus",30
Lomonosov Moscow State University,1
"University of Minnesota, Twin Cities",31
University of Paris-Sud,3
"Purdue University, West Lafayette",33
University of Pittsburgh - Pittsburgh Campus,34
Peking University,1
University of Edinburgh,5
"University of California, Davis",36
Washington University in St. Louis,37
University of Florida,38
"University of California, Santa Barbara",39
University of British Columbia,3
University of Utah,40
University of Colorado Boulder,41
University of Notre Dame,42
National Taiwan University,1
University of Texas Southwestern Medical Center,43
Boston University,44
Pierre-and-Marie-Curie University,4
University of Manchester,6
University of Arizona,45
Vanderbilt University,46
Tohoku University,6
Karolinska Institute,1
National University of Singapore,1
University of Geneva,2
"University of Maryland, College Park",47
University of Rochester,48
Emory University,49
University of Copenhagen,1
"University of California, Irvine",50
Brown University,51
Ludwig Maximilian University of Munich,1
Georgia Institute of Technology,52
Tufts University,53
University of Zurich,3
Tel Aviv University,3
Tsinghua University,2
Utrecht University,1
Ruprecht Karl University of Heidelberg,2
King's College London,7
Sapienza University of Rome,1
Kyushu University,7
Swiss Federal Institute of Technology in Lausanne,4
Katholieke Universiteit Leuven,1
University of Sydney,1
Tokyo Institute of Technology,8
University of Melbourne,2
University of Bonn,3
Technical University of Munich,4
Royal Institute of Technology,2
Erasmus University Rotterdam,2
Case Western Reserve University,54
University of Alberta,4
University of Texas MD Anderson Cancer Center,55
"Texas A&M University, College Station",56
Arizona State University,57
Yonsei University,2
Rice University,58
Technion – Israel Institute of Technology,4
University of Helsinki,1
University of Oslo,1
Michigan State University,59
Indiana University - Bloomington,60
University of the Witwatersrand,1
University of Queensland,3
Lund University,3
Leiden University,3
Georgetown University,61
Aarhus University,2
University of Barcelona,1
Baylor College of Medicine,62
University of Amsterdam,4
University of Bristol,8
Uppsala University,4
University of Iowa,63
Stony Brook University,64
University of Groningen,5
Korea Advanced Institute of Science and Technology (KAIST),3
Radboud University Nijmegen,6
Korea University,4
University of São Paulo,1
Nagoya University,9
University of Colorado Denver,65
University of Montreal,5
Albert Ludwig University of Freiburg,5
United States Military Academy at West Point,14
Ghent University,2
University of Glasgow,9
University of Miami,66
Université libre de Bruxelles,3
Paris Diderot University - Paris 7,5
McMaster University,6
University of Birmingham,10
University of Texas at Dallas,67
VU University Amsterdam,7
Wake Forest University,68
University of Southampton,11
University of Nottingham,12
Nanyang Technological University,2
University of New South Wales,4
Osaka City University,10
University of Leeds,13
Western University (The University of Western Ontario),7
Kobe University,11
University of Basel,5
University of Hong Kong,1
Indiana University-Purdue University Indianapolis,69
Humboldt University of Berlin,6
Free University of Berlin,7
University of Tübingen,8
Australian National University,5
Goethe University Frankfurt,9
University of Houston,70
"University of California, Santa Cruz",71
University of Alabama at Birmingham,72
Icahn School of Medicine at Mount Sinai,73
University of Calgary,8
Mines ParisTech,6
University of Gothenburg,5
University of Göttingen,10
Monash University,6
Southern Methodist University,74
Yeshiva University,75
University of South Florida - Tampa,76
Hanyang University,5
Oregon Health & Science University,77
University of Strasbourg,7
University of Cincinnati,78
University of Sheffield,14
University of Hamburg,11
George Washington University,79
University of Milan,2
Iowa State University,80
"University of Maryland, Baltimore",81
University of Padua,3
University of New Mexico,82
Pohang University of Science and Technology,6
Stockholm University,6
Hokkaido University,12
Fudan University,3
University of Sussex,15
Université catholique de Louvain,4
Wayne State University,83
University of Massachusetts Medical School,84
University of Lausanne,6
Shanghai Jiao Tong University,4
University of Missouri–Columbia,85
Technical University of Denmark,3
Complutense University of Madrid,2
University of Cologne,12
"Trinity College, Dublin",1
University of Bern,7
Chinese University of Hong Kong,2
University of Kansas,86
Sungkyunkwan University,7
University of Vienna,1
Zhejiang University,5
University of Georgia,87
University of Massachusetts Amherst,88
Cardiff University,16
University of Münster,13
University of Liverpool,17
University of Ottawa,9
University of Erlangen-Nuremberg,14
Queen Mary University of London,18
Karlsruhe Institute of Technology,15
Louisiana State University - Baton Rouge,89
Nanjing University,6
University of Illinois at Chicago,90
University of Bologna,4
University of Manitoba,10
Joseph Fourier University,8
"University of California, Riverside",91
Julius-Maximilian's University of Würzburg,16
Aix-Marseille University,9
University of Western Australia,7
Laval University,11
"University of Tennessee, Knoxville",92
North Carolina State University,93
Newcastle University,19
Claude Bernard University Lyon 1,10
University of Turin,5
University of Kiel,17
University of Connecticut,94
Tulane University,95
University of Oklahoma - Norman Campus,96
Brandeis University,97
Dresden University of Technology,18
RWTH Aachen University,19
University of Texas Health Science Center at San Antonio,98
Virginia Commonwealth University,99
University of Montpellier 2,11
Dalian University of Technology,7
Rensselaer Polytechnic Institute,100
Paul Sabatier University - Toulouse III,12
Paris Descartes University,13
National Cheng Kung University,2
University of Delaware,101
Vrije Universiteit Brussel,5
Johannes Gutenberg University of Mainz,20
Maastricht University,8
University of Düsseldorf,21
University of Dundee,20
University of Tsukuba,13
Autonomous University of Barcelona,3
Florida State University,102
University of Texas at San Antonio,103
London School of Hygiene & Tropical Medicine,21
Lehigh University,104
University of Kentucky,105
Thomas Jefferson University,106
Drexel University,107
Colorado State University - Fort Collins,108
University of Leicester,22
Durham University,23
Oregon State University,109
University of Florence,6
University of Cape Town,2
"University at Buffalo, The State University of New York",110
Pepperdine Graziadio,68
University College Dublin,2
University of Science and Technology of China,8
Virginia Polytechnic Institute and State University,111
University of Naples Federico II,7
University of Auckland,1
University of Texas Health Science Center at Houston,112
Delft University of Technology,9
University of Aberdeen,24
Queen's University,12
Virginia Tech,75
University of Lisbon,1
Hiroshima University,14
University of Waterloo,13
Okayama University,15
University of Ulm,22
Chulalongkorn University,1
Dalhousie University,14
Saint Petersburg State University,2
Norwegian University of Science and Technology,2
University of Reading,25
Wageningen University and Research Centre,10
Umeå University,7
University of Porto,2
Hong Kong University of Science and Technology,3
Sun Yat-sen University,9
Medical College of Wisconsin,113
City College of New York,114
Hannover Medical School,23
"Washington State University, Pullman",115
Technical University of Berlin,24
University of South Carolina - Columbia,116
Leipzig University,25
University of Stuttgart,26
University of Valencia,4
Linköping University,8
University of Duisburg-Essen,27
Ruhr University Bochum,28
University of Bergen,3
London School of Economics,26
Wesleyan University,117
University of Pisa,8
Autonomous University of Madrid,5
Medical University of Vienna,2
Stellenbosch University,3
Medical University of South Carolina,118
Charles University in Prague,1
Kyungpook National University,8
"University of Science, Malaysia",1
University of Liège,6
University of Hull,27
Northeastern University,49
Kansas State University,120
University of Vermont,121
Rush University,122
University of Louisville,123
University of St Andrews,28
University of Warwick,29
University of Rome Tor Vergata,9
University of Innsbruck,3
Darmstadt University of Technology,29
Indian Institute of Technology Delhi,1
Federal University of Rio de Janeiro,2
University of Antwerp,7
National and Kapodistrian University of Athens,1
Boston College,124
Vita-Salute San Raffaele University,10
Gwangju Institute of Science and Technology,9
University of Nebraska–Lincoln,125
University of York,30
National Autonomous University of Mexico,1
University of Regensburg,30
Yokohama National University,16
University of Adelaide,8
University of Genoa,11
Queen's University Belfast,31
University of Marburg,31
University of Pavia,12
"St George's, University of London",32
University of Oregon,126
University of Navarra,6
San Diego State University,127
Nankai University,10
University of East Anglia,33
University of Nebraska Medical Center,128
University of Southern Denmark,4
Eindhoven University of Technology,11
Xiamen University,11
University of Otago,2
University of Santiago de Compostela,7
University of Exeter,34
University of Jena,32
University of Perugia,13
Justus Liebig University Giessen,33
College of William and Mary,129
Ben-Gurion University of the Negev,5
Saint Louis University,130
Colorado School of Mines,131
Oklahoma State University–Stillwater,132
University of Guelph,15
University of Trieste,14
University of Verona,15
"University at Albany, SUNY",133
Tongji University,12
Eötvös Loránd University,1
University of Alabama - Tuscaloosa,134
University of Eastern Finland,2
Ewha Womans University,10
City University of Hong Kong,4
Tokyo Medical and Dental University,17
University of Victoria,16
University of Buenos Aires,1
University of Texas Medical Branch at Galveston,135
Kyung Hee University,11
Hong Kong Polytechnic University,5
Saarland University,34
Scuola Normale Superiore di Pisa,16
University of Seville,8
Beijing Normal University,13
Chiba University,18
University of Ferrara,17
University of Bari Aldo Moro,18
Polytechnic University of Milan,19
Temple University,136
University of Turku,3
Aalto University,4
Simon Fraser University,17
Tianjin University,14
Chalmers University of Technology,9
Middle East Technical University,1
Cranfield University,35
York University,18
Xi'an Jiaotong University,15
Chonnam National University,12
University of Central Florida,137
University of Lorraine,14
University of Bordeaux II,15
University of New Hampshire,138
Versailles Saint-Quentin-en-Yvelines University,16
Chonbuk National University,13
Kumamoto University,19
Huazhong University of Science and Technology,16
Brunel University,36
Polytechnic University of Catalonia,9
National Chiao Tung University,3
Southeast University,17
Tokyo University of Science,20
Catholic University of the Sacred Heart,20
Brigham Young University,139
Technical University of Madrid,10
Nagasaki University,21
National Tsing Hua University,4
University of Warsaw,1
King Saud University,1
University of Bath,37
Concordia University,19
Georgia Regents University,140
Niigata University,22
University of Oulu,5
Pompeu Fabra University,11
Vienna University of Technology,4
Sogang University,14
Gyeongsang National University,15
University of Tampere,6
University of Milan - Bicocca,21
University of Bordeaux I,17
Swedish University of Agricultural Sciences,10
George Mason University,141
Jilin University,18
University of Delhi,2
University of Campinas,3
Wuhan University,19
West Virginia University,142
Pusan National University,16
University of Mississippi - Oxford Campus,143
University of Arkansas for Medical Sciences,144
Miami University,145
University of Tokushima,23
University of Twente,12
Loyola University Chicago,103
Loyola University New Orleans,202
Ajou University,17
Syracuse University,147
Lancaster University,38
Pontifical Catholic University of Chile,1
University of Chile,2
Innsbruck Medical University,5
University of Granada,12
Kanazawa University,24
University of Parma,22
University of Siena,23
Shandong University,20
Technical University of Dortmund,35
University of KwaZulu-Natal,4
"University of Nevada, Reno",148
Yokohama City University,25
École normale supérieure de Lyon,18
University College Cork,3
Ohio University,149
Central South University,21
University of Modena and Reggio Emilia,24
New Mexico State University,150
University of Konstanz,36
University of Hawaii at Manoa,151
University of Nebraska Omaha,152
Shinshu University,26
University of Strathclyde,39
Baylor University,153
Polytechnic University of Valencia,13
Harbin Institute of Technology,22
University of Rennes 1,19
University of Arkansas - Fayetteville,154
Aristotle University of Thessaloniki,2
Jagiellonian University,2
Texas Tech University (TTU),155
University of Rostock,37
University of Akron,156
University of Saskatchewan,20
Juntendo University,27
University of Wyoming,157
Macquarie University,9
University of Canterbury,3
University of Denver,158
Illinois Institute of Technology,159
Creighton University,160
Bielefeld University,38
University of Malaya,2
University of Ulsan,18
City University London,40
Grenoble Institute of Technology,20
Federal University of Minas Gerais,4
University of Hanover,39
South China University of Technology,23
University of Surrey,41
Otto-von-Guericke University Magdeburg,40
Indian Institute of Science,3
Tokyo Metropolitan University,28
Bar-Ilan University,6
Mississippi State University,161
"University of Maryland, Baltimore County",162
University of Wollongong,10
Flinders University,11
Martin Luther University of Halle-Wittenberg,41
Graduate University for Advanced Studies,29
Clemson University,163
University of Brescia,25
Georgia State University,164
Dongguk University,19
University of Fribourg,8
Sichuan University,24
University of Iceland,1
University of Sherbrooke,21
University of Graz,6
University of Málaga,14
University of Zaragoza,15
New York Medical College,165
SUNY Downstate Medical Center,166
École Centrale Paris,21
Utah State University,167
University of Ljubljana,1
University of Montpellier 1,22
Victoria University of Wellington,4
East China University of Science and Technology,25
Konkuk University,20
University of Potsdam,42
University of the Basque Country,16
University of Nice Sophia Antipolis,23
University of Udine,26
National Yang-Ming University,5
Indian Institute of Technology Bombay,4
University of Bayreuth,43
University of Wisconsin–Milwaukee,168
University of Kansas ,122
University of Dayton,169
Nihon University,30
Montana State University - Bozeman,170
"Royal Holloway, University of London",42
Tokyo Women's Medical University,31
Panjab University,5
Tampere University of Technology,7
University of Coimbra,3
University of Newcastle,12
University of Dallas,232
Nara Institute of Science and Technology,32
Auburn University,171
University of Bremen,44
Mahidol University,2
University of Crete,3
Bangor University,43
University of Aveiro,4
University of Palermo,27
Nagoya City University,33
University of Tartu,1
University of Savoy,24
University of Tromsø - The Arctic University of Norway,4
University of Missouri–Kansas City,172
Beihang University,26
American University of Beirut,1
University of Nantes,25
University of Essex,44
University of Zagreb,1
National Central University,6
University Lille 1: Sciences and Technologies,26
University of Catania,28
National Polytechnic Institute of Toulouse,27
Indian Institute of Technology Kanpur,6
Kagoshima University,34
Lanzhou University,27
James Cook University,13
Shizuoka University,35
Indian Institute of Technology Kharagpur,7
Second University of Naples,29
Indian Institute of Technology Madras,8
Plymouth University,45
International School for Advanced Studies,30
Polytechnic University of Turin,31
University of Oviedo,17
Ehime University,36
University of Ioannina,4
University of Cagliari,32
Tottori University,37
Federal University of Rio Grande do Sul,5
Kent State University,173
University of Los Andes (Colombia),1
Hunan University,28
Tokai University,38
LSU Health Sciences Center New Orleans,174
Southern Illinois University Carbondale,175
Tata Institute of Fundamental Research,9
Aalborg University,5
Osaka Prefecture University,39
Chang Gung University,7
Northern Illinois University,176
University of Trento,33
Semmelweis University,2
University of Science and Technology Beijing,29
"National University of Ireland, Galway",4
Dankook University,21
Istanbul University,2
Tokyo University of Agriculture and Technology,40
University of Montana - Missoula,177
Queensland University of Technology,14
Binghamton University,178
Université de Namur,8
University of Tasmania,15
University of Pretoria,5
Central China Normal University,30
Indian Institute of Technology Roorkee,10
Curtin University,16
Canterbury Christ Church University,109
Deakin University,17
Tilburg University,13
Inha University,22
University of New Orleans,179
Paris-Est Créteil Val-de-Marne University,28
University of L'Aquila,34
Chungnam National University,23
University of Salamanca,18
University of Alaska Fairbanks,180
University of Poitiers,29
Albany Medical College,181
"Birkbeck, University of London",46
Griffith University,18
Federal University of São Paulo,6
Carleton University,22
Massey University,5
Catholic University of Korea,24
Open University (UK),47
University of Patras,5
Universidade Nova de Lisboa,5
Texas A&M Health Science Center,182
Braunschweig University of Technology,45
National Chung Hsing University,8
Auburn State University,99
La Trobe University,19
Missouri University of Science and Technology,183
University of Idaho,184
Louisiana Tech University,185
University of Portsmouth,48
University of La Laguna,19
Florida International University,186
DePaul University,230
Medical University of Graz,7
Howard University,187
University of Hertfordshire,49
State University of New York Upstate Medical University,188
State University of New York at Albany,172
Royal College of Surgeons in Ireland,5
State Oil Academy,200
National Technical University of Athens,6
University of Windsor,23
Appalachian State University,275
Rovira i Virgili University,20
Oakland City University,37
Kingston College,85
University of Burgundy,30
University of Illinois at Urbana-Champaign,47
Gunma University,41
Berkeley College,32
AGH University of Science and Technology,3
Gifu University,42
Hacettepe University,3
Örebro University,11
Memorial University of Newfoundland,24
Kindai University,43
University of Florida,48
University of Rhode Island,189
University of Alicante,21
New Jersey Institute of Technology,190
Texas Christian University,83
Lille 2 University of Health and Law,31
"California State University, Long Beach",127
Keele University,50
University of Jyväskylä,8
Rochester Institute of Technology,191
Sapporo Medical University,44
Banaras Hindu University,11
King Abdullah University of Science and Technology,2
Northeast Normal University,31
Portland State University,192
University of Québec at Montreal,25
East China Normal University,32
University of Debrecen,3
Loma Linda University,193
Old Dominion University,194
University of Insubria,35
"University of Nevada, Las Vegas",195
Hong Kong Baptist University,6
University of Minho,6
University of Messina,36
University of Texas at Arlington,196
"University François Rabelais, Tours",32
"UNESP, São Paulo State University",7
Toho University,45
Beijing University of Chemical Technology,33
"Rutgers, The State University of New Jersey - Newark",197
Johannes Kepler University of Linz,8
Warsaw University of Technology,4
University of Paris 13,33
University of Toyama,46
University of Toledo,198
University of Vigo,22
University of Kent,51
Jichi Medical University,47
Roma Tre University,37
Chung Yuan Christian University,9
University of Haifa,7
Åbo Akademi University,9
Swansea University,52
China Agricultural University,34
Marche Polytechnic University,38
"University of Maine, Orono",199
Heriot-Watt University,53
Marquette University,200
Loughborough University,54
Kaiserslautern University of Technology,46
Aston University,55
University of Girona,23
Hasselt University,9
Nanjing University of Science and Technology,35
"University of Natural Resources and Life Sciences, Vienna",9
University of Szeged,4
Soochow University (Suzhou),36
University of the Balearic Islands,24
Fuzhou University,37
University of Memphis,201
San Francisco State University,202
East Carolina University,203
University of Augsburg,47
University of Missouri–St. Louis,204
Kyoto Prefectural University of Medicine,48
Shanghai University,38
University of South Australia,20
Liverpool John Moores University,56
Graz University of Technology,10
Kitasato University,49
University of North Carolina at Charlotte,205
"G. d'Annunzio University, Chieti-Pescara",39
University of Cantabria,25
Miguel Hernández University of Elche,26
Donghua University,39
Comenius University in Bratislava,1
University of Alabama in Huntsville,206
Mie University,50
University of Stirling,57
Hunter College,207
Swinburne University of Technology,21
University of Ulster,58
University of Évry Val d'Essonne,34
University of Salerno,40
National University of La Plata,2
Masaryk University,2
Yamaguchi University,51
University of Yamanashi,52
Showa University,53
North Dakota State University - Main Campus,208
"University of North Texas, Denton",209
University of Mississippi Medical Center,210
University of Tehran,1
"Paul Valéry University, Montpellier III",35
Wuhan University of Technology,40
University of Hyogo,54
The Catholic University of America,211
University of Neuchâtel,9
National Polytechnic Institute,2
Jikei University School of Medicine,55
University of Valladolid,27
University of Calabria,41
University of Lübeck,48
Kurume University,56
Peking Union Medical College,41
Yamagata University,57
University of Córdoba (Spain),28
University of Mons,10
Saga University,58
Clarkson University,212
University of South Alabama,213
Inje University,25
University of Caen Lower Normandy,36
University of Castilla–La Mancha,29
Czech Technical University in Prague,3
Saitama Medical University,59
Istanbul Technical University,4
Kaohsiung Medical University,10
University of Electro-Communications,60
Yeungnam University,26
Jawaharlal Nehru Centre for Advanced Scientific Research,12
"Putra University, Malaysia",3
Institut national des sciences Appliquées de Lyon,37
University of Perpignan Via Domitia,38
University of Miyazaki,61
Second Military Medical University,42
Northern Arizona University,214
École Polytechnique de Montréal,26
University of Salento,42
Fukuoka University,62
Nagoya Institute of Technology,63
Ankara University,5
Blaise Pascal University,39
University of Electronic Science and Technology of China,43
National Sun Yat-sen University,11
University of Rouen,40
Bowling Green State University,215
Norwegian University of Life Sciences,5
University of Picardie Jules Verne,41
Michigan Technological University,216
University of Concepción,3
China Medical University (Taiwan),12
University of Hohenheim,49
Aberystwyth University,59
Wilfrid Laurier University,27
Cairo University,1
University of Murcia,30
"Palacký University, Olomouc",4
Taipei Medical University,13
University of Bradford,60
King Fahd University of Petroleum and Minerals,3
Ege University,6
University of Belgrade,1
"University of Eastern Piedmont Amedeo Avogadro""""",43
Budapest University of Technology and Economics,5
University of Salzburg,11
University of Massachusetts Lowell,217
Jaume I University,31
Chongqing University,44
Beijing Institute of Technology,45
Manchester Metropolitan University,61
Zhengzhou University,46
Dublin City University,6
"National University of Ireland, Maynooth",7
Kangwon National University,27
"Royal Veterinary College, University of London",62
Wright State University - Dayton,218
Capital Medical University,47
University of Brighton,63
Sofia University,1
University of Regina,28
Magna Græcia University of Catanzaro,44
Chungbuk National University,28
Kōchi University,64
University of New Brunswick,29
Sejong University,29
Sharif University of Technology,2
Chung-Ang University,30
"Queens College, City University of New York",219
Murdoch University,22
Chosun University,31
Vilnius University,1
University of Maribor,2
Ritsumeikan University,65
University of Sassari,45
Nanjing Normal University,48
University of Franche-Comté,42
University of Texas at El Paso,220
Rio de Janeiro State University,8
Jinan University,49
University of Massachusetts Boston,221
University of Alcalá,32
Tehran University of Medical Sciences,3
University of the Ryukyus,66
University of Angers,43
Fluminense Federal University,9
Florida Institute of Technology,222
Trent University,30
National Chung Cheng University,14
Bilkent University,7
National Taiwan Normal University,15
Saitama University,67
RMIT University,23
Hamamatsu University School of Medicine,68
University of Greifswald,50
University of Pécs,6
University of Fukui,69
Oakland University,223
Nanjing University of Technology,50
"University of Technology, Sydney",24
University of North Carolina at Greensboro,224
"All India Institute of Medical Sciences, New Delhi",13
Kyoto Institute of Technology,70
Ocean University of China,51
Chiang Mai University,3
University of Camerino,46
Hirosaki University,71
University of North Dakota,225
University of Extremadura,33
Teikyo University,72
Jiangnan University,52
Adam Mickiewicz University in Poznań,5
University of Waikato,6
University of Veterinary Medicine Vienna,12
University of Cádiz,34
Florida Atlantic University,226
Huazhong Agricultural University,53
Brock University,31
University of Lleida,35
Shanghai Normal University,54
Jean Monnet University,44
Shimane University,73
University of Orléans,45
University of Siegen,51
Makerere University,1
"University of Wales, Trinity Saint David",64
National Taiwan University of Science and Technology,16
University of Brasília,10
University of Western Brittany,46
Nanjing Agricultural University,55
National University of Córdoba,3
Federal University of Santa Catarina,11
National Taiwan Ocean University,17
Gazi University,8
National University of Colombia,2
University of Jaén,36
Boğaziçi University,9
Jadavpur University,14
Pukyong National University,32
University of Western Sydney,25
Northeastern University (China),56
University of Mannheim,52
University of Osnabrück,53
Charles Darwin University,26
University of Hyderabad,15
Northwest University (China),57
University of Southern Mississippi,227
Xavier University,305
University of Wrocław,6
Carlos III University of Madrid,37
Novosibirsk State University,3
Nanjing Medical University,58
Nicolaus Copernicus University in Toruń,7
Federal University of Santa Maria,12
Chemnitz University of Technology,54
Southwest University,59
Wrocław University of Technology,8
"University of California, Merced",228
United Arab Emirates University,1
Federal University of São Carlos,13
University of Thessaly,7
University of Basilicata,47
Feng Chia University,18
Federal University of Paraná,14
University of Almería,38
Hallym University,33
Fourth Military Medical University,60
Naval Postgraduate School,299
University of the Republic (Uruguay),1
Dokuz Eylül University,10
Nanjing University of Aeronautics and Astronautics,61
Public University of Navarre,39
University of A Coruña,40
Isfahan University of Technology,4
University of New England (Australia),27
Federal University of Pernambuco,15
Jiangsu University,62
Third Military Medical University,63
South China Normal University,64
University of Limerick,8
Xiangtan University,65
Yangzhou University,66
Northwestern Polytechnical University,67
University of Reims Champagne-Ardenne,47
Ibaraki University,74
Chung Shan Medical University,19
Alexandria University,2
Yuan Ze University,20
University of Cyprus,1
University of Silesia,9
Southern Medical University,68
Shiraz University,5
University of Bucharest,1
Mansoura University,3
Amirkabir University of Technology,6
Beijing Jiaotong University,69
University of Valenciennes and Hainaut-Cambresis,48
University of the Algarve,7
"University of Chemistry and Technology, Prague",5
Federal University of Ceará,16
Ain Shams University,4
University of Oldenburg,55
Federal University of Bahia,17
Hunan Normal University,70
Western Michigan University,229
University of Seoul,34
Federico Santa María Technical University,4
Ryerson University,32
South China Agricultural University,71
Fu Jen Catholic University,21
China Pharmaceutical University,72
Tarbiat Modares University,7
University of Puerto Rico at Mayagüez,1
National University of Rosario,4
University of Pheonix,361
University of Pau and Pays de l'Adour,49
Xidian University,73
Zhejiang University of Technology,74
China Medical University (PRC),75
Federal University of ABC,18
King Juan Carlos University,41
Beijing University of Technology,76
Guangxi University,77
Northwest A&F University,78
Shanxi University,79
Tamkang University,22
Harbin Medical University,80
Zhejiang Normal University,81
King Abdulaziz University,4
Iran University of Science and Technology,8
I-Shou University,23
University of Maine (Le Mans),50
National Dong Hwa University,24
National Taipei University of Technology,25
Shaanxi Normal University,82
National University of Defense Technology,83
Yanbian University,84